"","A1","A2","A3","A4","A5","A6","A7","A8","A9","A10","A11","A12","A13","A14","A15","A16","A14Norm","A15Norm","A3Disc","A11Disc"
"1","b",30.83,0,"u","g","w","v",1.25,"t","t",1,"f","g",202,0,"+",2.30749603791321,0,1,5
"2","a",58.67,4.46,"u","g","q","h",3.04,"t","t",6,"f","g",43,560,"+",1.64345267648619,2.74896286125616,19,11
"3","a",24.5,0.5,"u","g","q","h",1.5,"t","f",0,"f","g",280,824,"+",2.44870631990508,2.91645394854993,5,6
"4","b",27.83,1.54,"u","g","w","v",3.75,"t","t",5,"t","g",100,3,"+",2.00432137378264,0.602059991327962,11,14
"5","b",20.17,5.625,"u","g","w","v",1.71,"t","f",0,"f","s",120,0,"+",2.08278537031645,0,21,7
"6","b",32.08,4,"u","g","m","v",2.5,"t","f",0,"t","g",360,0,"+",2.55750720190566,0,18,9
"7","b",33.17,1.04,"u","g","r","h",6.5,"t","f",0,"t","g",164,31285,"+",2.21748394421391,4.4953500409674,8,23
"8","a",22.92,11.585,"u","g","cc","v",0.04,"t","f",0,"f","g",80,1349,"+",1.90848501887865,3.13033376849501,27,1
"9","b",54.42,0.5,"y","p","k","h",3.96,"t","f",0,"f","g",180,314,"+",2.25767857486918,2.4983105537896,5,14
"10","b",42.5,4.915,"y","p","w","v",3.165,"t","f",0,"t","g",52,1442,"+",1.72427586960079,3.15926633109349,20,12
"11","b",22.08,0.83,"u","g","c","h",2.165,"f","f",0,"t","g",128,0,"+",2.11058971029925,0,7,8
"12","b",29.92,1.835,"u","g","c","h",4.335,"t","f",0,"f","g",260,200,"+",2.41664050733828,2.30319605742049,12,16
"13","a",38.25,6,"u","g","k","v",1,"t","f",0,"t","g",0,0,"+",0,0,22,4
"14","b",48.08,6.04,"u","g","k","v",0.04,"f","f",0,"f","g",0,2690,"+",0,3.42991369776375,22,1
"15","a",45.83,10.5,"u","g","q","v",5,"t","t",7,"t","g",0,0,"+",0,0,26,18
"16","b",36.67,4.415,"y","p","k","v",0.25,"t","t",10,"t","g",320,0,"+",2.50650503240487,0,19,1
"17","b",28.25,0.875,"u","g","m","v",0.96,"t","t",3,"t","g",396,0,"+",2.59879050676312,0,7,4
"18","a",23.25,5.875,"u","g","q","v",3.17,"t","t",10,"f","g",120,245,"+",2.08278537031645,2.39093510710338,21,12
"19","b",21.83,0.25,"u","g","d","h",0.665,"t","f",0,"t","g",0,0,"+",0,0,2,3
"20","a",19.17,8.585,"u","g","cc","h",0.75,"t","t",7,"f","g",96,0,"+",1.98677173426624,0,24,3
"21","b",25,11.25,"u","g","c","v",2.5,"t","t",17,"f","g",200,1208,"+",2.30319605742049,3.08242630086077,27,9
"22","b",23.25,1,"u","g","c","v",0.835,"t","f",0,"f","s",300,0,"+",2.47856649559384,0,8,3
"23","a",47.75,8,"u","g","c","v",7.875,"t","t",6,"t","g",0,1260,"+",0,3.10071508657308,23,28
"24","a",27.42,14.5,"u","g","x","h",3.085,"t","t",1,"f","g",120,11,"+",2.08278537031645,1.07918124604762,29,11
"25","a",41.17,6.5,"u","g","q","v",0.5,"t","t",3,"t","g",145,0,"+",2.16435285578444,0,22,2
"26","a",15.83,0.585,"u","g","c","h",1.5,"t","t",2,"f","g",100,0,"+",2.00432137378264,0,5,6
"27","a",47,13,"u","g","i","bb",5.165,"t","t",9,"t","g",0,0,"+",0,0,29,19
"28","b",56.58,18.5,"u","g","d","bb",15,"t","t",17,"t","g",0,0,"+",0,0,30,53
"29","b",57.42,8.5,"u","g","e","h",7,"t","t",3,"f","g",0,0,"+",0,0,24,25
"30","b",42.08,1.04,"u","g","w","v",5,"t","t",6,"t","g",500,10000,"+",2.69983772586725,4.00004342727686,8,18
"31","b",29.25,14.79,"u","g","aa","v",5.04,"t","t",5,"t","g",168,0,"+",2.22788670461367,0,29,18
"32","b",42,9.79,"u","g","x","h",7.96,"t","t",8,"f","g",0,0,"+",0,0,25,28
"33","b",49.5,7.585,"u","g","i","bb",7.585,"t","t",15,"t","g",0,5000,"+",0,3.69905685454767,23,27
"34","a",36.75,5.125,"u","g","e","v",5,"t","f",0,"t","g",0,4000,"+",0,3.602168551379,21,18
"35","a",22.58,10.75,"u","g","q","v",0.415,"t","t",5,"t","g",0,560,"+",0,2.74896286125616,26,2
"36","b",27.83,1.5,"u","g","w","v",2,"t","t",11,"t","g",434,35,"+",2.63848925695464,1.55630250076729,11,8
"37","b",27.25,1.585,"u","g","cc","h",1.835,"t","t",12,"t","g",583,713,"+",2.7664128471124,2.85369821177617,11,7
"38","a",23,11.75,"u","g","x","h",0.5,"t","t",2,"t","g",300,551,"+",2.47856649559384,2.7419390777292,27,2
"39","b",27.75,0.585,"y","p","cc","v",0.25,"t","t",2,"f","g",260,500,"+",2.41664050733828,2.69983772586725,5,1
"40","b",54.58,9.415,"u","g","ff","ff",14.415,"t","t",11,"t","g",30,300,"+",1.49136169383427,2.47856649559384,24,51
"41","b",34.17,9.17,"u","g","c","v",4.5,"t","t",12,"t","g",0,221,"+",0,2.34635297445064,24,16
"42","b",28.92,15,"u","g","c","h",5.335,"t","t",11,"f","g",0,2283,"+",0,3.35869609957381,29,19
"43","b",29.67,1.415,"u","g","w","h",0.75,"t","t",1,"f","g",240,100,"+",2.38201704257487,2.00432137378264,10,3
"44","b",39.58,13.915,"u","g","w","v",8.625,"t","t",6,"t","g",70,0,"+",1.85125834871908,0,29,31
"45","b",56.42,28,"y","p","c","v",28.5,"t","t",40,"f","g",0,15,"+",0,1.20411998265592,30,100
"46","b",54.33,6.75,"u","g","c","h",2.625,"t","t",11,"t","g",0,284,"+",0,2.45484486000851,22,10
"47","a",41,2.04,"y","p","q","h",0.125,"t","t",23,"t","g",455,1236,"+",2.65896484266443,3.09236969962912,13,1
"48","b",31.92,4.46,"u","g","cc","h",6.04,"t","t",3,"f","g",311,300,"+",2.49415459401844,2.47856649559384,19,22
"49","b",41.5,1.54,"u","g","i","bb",3.5,"f","f",0,"f","g",216,0,"+",2.33645973384853,0,11,13
"50","b",23.92,0.665,"u","g","c","v",0.165,"f","f",0,"f","g",100,0,"+",2.00432137378264,0,6,1
"51","a",25.75,0.5,"u","g","c","h",0.875,"t","f",0,"t","g",491,0,"+",2.69196510276736,0,5,4
"52","b",26,1,"u","g","q","v",1.75,"t","f",0,"t","g",280,0,"+",2.44870631990508,0,8,7
"53","b",37.42,2.04,"u","g","w","v",0.04,"t","f",0,"t","g",400,5800,"+",2.60314437262018,3.7635028654676,13,1
"54","b",34.92,2.5,"u","g","w","v",0,"t","f",0,"t","g",239,200,"+",2.38021124171161,2.30319605742049,15,1
"55","b",34.25,3,"u","g","cc","h",7.415,"t","f",0,"t","g",0,0,"+",0,0,16,27
"56","b",23.33,11.625,"y","p","w","v",0.835,"t","f",0,"t","g",160,300,"+",2.20682587603185,2.47856649559384,27,3
"57","b",23.17,0,"u","g","cc","v",0.085,"t","f",0,"f","g",0,0,"+",0,0,1,1
"58","b",44.33,0.5,"u","g","i","h",5,"t","f",0,"t","g",320,0,"+",2.50650503240487,0,5,18
"59","b",35.17,4.5,"u","g","x","h",5.75,"f","f",0,"t","s",711,0,"+",2.85247999363686,0,19,21
"60","b",43.25,3,"u","g","q","h",6,"t","t",11,"f","g",80,0,"+",1.90848501887865,0,16,22
"61","b",56.75,12.25,"u","g","m","v",1.25,"t","t",4,"t","g",200,0,"+",2.30319605742049,0,28,5
"62","b",31.67,16.165,"u","g","d","v",3,"t","t",9,"f","g",250,730,"+",2.39967372148104,2.86391737695786,30,11
"63","a",23.42,0.79,"y","p","q","v",1.5,"t","t",2,"t","g",80,400,"+",1.90848501887865,2.60314437262018,7,6
"64","a",20.42,0.835,"u","g","q","v",1.585,"t","t",1,"f","g",0,0,"+",0,0,7,6
"65","b",26.67,4.25,"u","g","cc","v",4.29,"t","t",1,"t","g",120,0,"+",2.08278537031645,0,19,16
"66","b",34.17,1.54,"u","g","cc","v",1.54,"t","t",1,"t","g",520,50000,"+",2.71683772329952,4.6989786901388,11,6
"67","a",36,1,"u","g","c","v",2,"t","t",11,"f","g",0,456,"+",0,2.65991620006985,8,8
"68","b",25.5,0.375,"u","g","m","v",0.25,"t","t",3,"f","g",260,15108,"+",2.41664050733828,4.17923572119848,3,1
"69","b",19.42,6.5,"u","g","w","h",1.46,"t","t",7,"f","g",80,2954,"+",1.90848501887865,3.47055748521727,22,6
"70","b",35.17,25.125,"u","g","x","h",1.625,"t","t",1,"t","g",515,500,"+",2.71264970162721,2.69983772586725,30,6
"71","b",32.33,7.5,"u","g","e","bb",1.585,"t","f",0,"t","s",420,0,"-",2.62428209583567,0,23,6
"72","a",38.58,5,"u","g","cc","v",13.5,"t","f",0,"t","g",980,0,"-",2.99166900737995,0,20,48
"73","b",44.25,0.5,"u","g","m","v",10.75,"t","f",0,"f","s",400,0,"-",2.60314437262018,0,5,38
"74","b",44.83,7,"y","p","c","v",1.625,"f","f",0,"f","g",160,2,"-",2.20682587603185,0.477121254719662,23,6
"75","b",20.67,5.29,"u","g","q","v",0.375,"t","t",1,"f","g",160,0,"-",2.20682587603185,0,21,2
"76","b",34.08,6.5,"u","g","aa","v",0.125,"t","f",0,"t","g",443,0,"-",2.64738297011462,0,22,1
"77","a",19.17,0.585,"y","p","aa","v",0.585,"t","f",0,"t","g",160,0,"-",2.20682587603185,0,5,3
"78","b",21.67,1.165,"y","p","k","v",2.5,"t","t",1,"f","g",180,20,"-",2.25767857486918,1.32221929473392,9,9
"79","b",21.5,9.75,"u","g","c","v",0.25,"t","f",0,"f","g",140,0,"-",2.14921911265538,0,25,1
"80","b",49.58,19,"u","g","ff","ff",0,"t","t",1,"f","g",94,0,"-",1.97772360528885,0,30,1
"81","a",27.67,1.5,"u","g","m","v",2,"t","f",0,"f","s",368,0,"-",2.56702636615906,0,11,8
"82","b",39.83,0.5,"u","g","m","v",0.25,"t","f",0,"f","s",288,0,"-",2.46089784275655,0,5,1
"83","b",27.25,0.625,"u","g","aa","v",0.455,"t","f",0,"t","g",200,0,"-",2.30319605742049,0,5,2
"84","b",37.17,4,"u","g","c","bb",5,"t","f",0,"t","s",280,0,"-",2.44870631990508,0,18,18
"85","b",25.67,2.21,"y","p","aa","v",4,"t","f",0,"f","g",188,0,"-",2.27646180417324,0,13,15
"86","b",34,4.5,"u","g","aa","v",1,"t","f",0,"t","g",240,0,"-",2.38201704257487,0,19,4
"87","a",49,1.5,"u","g","j","j",0,"t","f",0,"t","g",100,27,"-",2.00432137378264,1.44715803134222,11,1
"88","b",62.5,12.75,"y","p","c","h",5,"t","f",0,"f","g",112,0,"-",2.05307844348342,0,28,18
"89","b",31.42,15.5,"u","g","c","v",0.5,"t","f",0,"f","g",120,0,"-",2.08278537031645,0,30,2
"90","b",52.33,1.375,"y","p","c","h",9.46,"t","f",0,"t","g",200,100,"-",2.30319605742049,2.00432137378264,10,34
"91","b",28.75,1.5,"y","p","c","v",1.5,"t","f",0,"t","g",0,225,"-",0,2.3541084391474,11,6
"92","a",28.58,3.54,"u","g","i","bb",0.5,"t","f",0,"t","g",171,0,"-",2.23552844690755,0,18,2
"93","b",23,0.625,"y","p","aa","v",0.125,"t","f",0,"f","g",180,1,"-",2.25767857486918,0.301029995663981,5,1
"94","a",22.5,11,"y","p","q","v",3,"t","f",0,"t","g",268,0,"-",2.42975228000241,0,27,11
"95","a",28.5,1,"u","g","q","v",1,"t","t",2,"t","g",167,500,"-",2.22530928172586,2.69983772586725,8,4
"96","b",37.5,1.75,"y","p","c","bb",0.25,"t","f",0,"t","g",164,400,"-",2.21748394421391,2.60314437262018,12,1
"97","b",35.25,16.5,"y","p","c","v",4,"t","f",0,"f","g",80,0,"-",1.90848501887865,0,30,15
"98","b",18.67,5,"u","g","q","v",0.375,"t","t",2,"f","g",0,38,"-",0,1.5910646070265,20,2
"99","b",25,12,"u","g","k","v",2.25,"t","t",2,"t","g",120,5,"-",2.08278537031645,0.778151250383644,28,8
"100","b",27.83,4,"y","p","i","h",5.75,"t","t",2,"t","g",75,0,"-",1.88081359228079,0,18,21
"101","b",54.83,15.5,"u","g","e","z",0,"t","t",20,"f","g",152,130,"-",2.1846914308176,2.11727129565576,30,1
"102","b",28.75,1.165,"u","g","k","v",0.5,"t","f",0,"f","s",280,0,"-",2.44870631990508,0,9,2
"103","a",25,11,"y","p","aa","v",4.5,"t","f",0,"f","g",120,0,"-",2.08278537031645,0,27,16
"104","b",40.92,2.25,"y","p","x","h",10,"t","f",0,"t","g",176,0,"-",2.24797326636181,0,14,36
"105","a",19.75,0.75,"u","g","c","v",0.795,"t","t",5,"t","g",140,5,"-",2.14921911265538,0.778151250383644,6,3
"106","b",29.17,3.5,"u","g","w","v",3.5,"t","t",3,"t","g",329,0,"-",2.51851393987789,0,17,13
"107","a",24.5,1.04,"y","p","ff","ff",0.5,"t","t",3,"f","g",180,147,"-",2.25767857486918,2.17026171539496,8,2
"108","b",24.58,12.5,"u","g","w","v",0.875,"t","f",0,"t","g",260,0,"-",2.41664050733828,0,28,4
"109","a",33.75,0.75,"u","g","k","bb",1,"t","t",3,"t","g",212,0,"-",2.32837960343874,0,6,4
"110","b",20.67,1.25,"y","p","c","h",1.375,"t","t",3,"t","g",140,210,"-",2.14921911265538,2.32428245529769,9,5
"111","a",25.42,1.125,"u","g","q","v",1.29,"t","t",2,"f","g",200,0,"-",2.30319605742049,0,9,5
"112","b",37.75,7,"u","g","q","h",11.5,"t","t",7,"t","g",300,5,"-",2.47856649559384,0.778151250383644,23,41
"113","b",52.5,6.5,"u","g","k","v",6.29,"t","t",15,"f","g",0,11202,"+",0,4.04933433597228,22,23
"114","b",57.83,7.04,"u","g","m","v",14,"t","t",6,"t","g",360,1332,"+",2.55750720190566,3.12483014941386,23,50
"115","a",20.75,10.335,"u","g","cc","h",0.335,"t","t",1,"t","g",80,50,"+",1.90848501887865,1.70757017609794,26,2
"116","b",39.92,6.21,"u","g","q","v",0.04,"t","t",1,"f","g",200,300,"+",2.30319605742049,2.47856649559384,22,1
"117","b",25.67,12.5,"u","g","cc","v",1.21,"t","t",67,"t","g",140,258,"+",2.14921911265538,2.41329976408125,28,5
"118","a",24.75,12.5,"u","g","aa","v",1.5,"t","t",12,"t","g",120,567,"+",2.08278537031645,2.75434833571102,28,6
"119","a",44.17,6.665,"u","g","q","v",7.375,"t","t",3,"t","g",0,0,"+",0,0,22,26
"120","a",23.5,9,"u","g","q","v",8.5,"t","t",5,"t","g",120,0,"+",2.08278537031645,0,24,30
"121","b",34.92,5,"u","g","x","h",7.5,"t","t",6,"t","g",0,1000,"+",0,3.00043407747932,20,27
"122","b",47.67,2.5,"u","g","m","bb",2.5,"t","t",12,"t","g",410,2510,"+",2.61384182187607,3.39984671271292,15,9
"123","b",22.75,11,"u","g","q","v",2.5,"t","t",7,"t","g",100,809,"+",2.00432137378264,2.90848501887865,27,9
"124","b",34.42,4.25,"u","g","i","bb",3.25,"t","t",2,"f","g",274,610,"+",2.43933269383026,2.78604121024255,19,12
"125","a",28.42,3.5,"u","g","w","v",0.835,"t","f",0,"f","s",280,0,"+",2.44870631990508,0,17,3
"126","b",67.75,5.5,"u","g","e","z",13,"t","t",1,"t","g",0,0,"+",0,0,21,46
"127","b",20.42,1.835,"u","g","c","v",2.25,"t","t",1,"f","g",100,150,"+",2.00432137378264,2.17897694729317,12,8
"128","a",47.42,8,"u","g","e","bb",6.5,"t","t",6,"f","g",375,51100,"+",2.57518784492766,4.70842939896509,23,23
"129","b",36.25,5,"u","g","c","bb",2.5,"t","t",6,"f","g",0,367,"+",0,2.56584781867352,20,9
"130","b",32.67,5.5,"u","g","q","h",5.5,"t","t",12,"t","g",408,1000,"+",2.61172330800734,3.00043407747932,21,20
"131","b",48.58,6.5,"u","g","q","h",6,"t","f",0,"t","g",350,0,"+",2.54530711646582,0,22,22
"132","b",39.92,0.54,"y","p","aa","v",0.5,"t","t",3,"f","g",200,1000,"+",2.30319605742049,3.00043407747932,5,2
"133","b",33.58,2.75,"u","g","m","v",4.25,"t","t",6,"f","g",204,0,"+",2.31175386105575,0,15,15
"134","a",18.83,9.5,"u","g","w","v",1.625,"t","t",6,"t","g",40,600,"+",1.61278385671974,2.77887447200274,25,6
"135","a",26.92,13.5,"u","g","q","h",5,"t","t",2,"f","g",0,5000,"+",0,3.69905685454767,29,18
"136","a",31.25,3.75,"u","g","cc","h",0.625,"t","t",9,"t","g",181,0,"+",2.26007138798507,0,18,3
"137","a",56.5,16,"u","g","j","ff",0,"t","t",15,"f","g",0,247,"+",0,2.39445168082622,30,1
"138","b",43,0.29,"y","p","cc","h",1.75,"t","t",8,"f","g",100,375,"+",2.00432137378264,2.57518784492766,3,7
"139","b",22.33,11,"u","g","w","v",2,"t","t",1,"f","g",80,278,"+",1.90848501887865,2.4456042032736,27,8
"140","b",27.25,1.665,"u","g","cc","h",5.085,"t","t",9,"f","g",399,827,"+",2.60205999132796,2.91803033678488,11,18
"141","b",32.83,2.5,"u","g","cc","h",2.75,"t","t",6,"f","g",160,2072,"+",2.20682587603185,3.31659930209386,15,10
"142","b",23.25,1.5,"u","g","q","v",2.375,"t","t",3,"t","g",0,582,"+",0,2.76566855475901,11,9
"143","a",40.33,7.54,"y","p","q","h",8,"t","t",14,"f","g",0,2300,"+",0,3.36191661866864,23,29
"144","a",30.5,6.5,"u","g","c","bb",4,"t","t",7,"t","g",0,3065,"+",0,3.48657215051836,22,15
"145","a",52.83,15,"u","g","c","v",5.5,"t","t",14,"f","g",0,2200,"+",0,3.34262004255335,29,20
"146","a",46.67,0.46,"u","g","cc","h",0.415,"t","t",11,"t","g",440,6,"+",2.64443858946784,0.845098040014257,4,2
"147","a",58.33,10,"u","g","q","v",4,"t","t",14,"f","g",0,1602,"+",0,3.20493352235414,25,15
"148","b",37.33,6.5,"u","g","m","h",4.25,"t","t",12,"t","g",93,0,"+",1.9731278535997,0,22,15
"149","b",23.08,2.5,"u","g","c","v",1.085,"t","t",11,"t","g",60,2184,"+",1.78532983501077,3.33945144130644,15,4
"150","b",32.75,1.5,"u","g","cc","h",5.5,"t","t",3,"t","g",0,0,"+",0,0,11,20
"151","a",21.67,11.5,"y","p","j","j",0,"t","t",11,"t","g",0,0,"+",0,0,27,1
"152","a",28.5,3.04,"y","p","x","h",2.54,"t","t",1,"f","g",70,0,"+",1.85125834871908,0,17,9
"153","a",68.67,15,"u","g","e","z",0,"t","t",14,"f","g",0,3376,"+",0,3.52853106063541,29,1
"154","b",28,2,"u","g","k","h",4.165,"t","t",2,"t","g",181,0,"+",2.26007138798507,0,13,15
"155","b",34.08,0.08,"y","p","m","bb",0.04,"t","t",1,"t","g",280,2000,"+",2.44870631990508,3.30124708863621,1,1
"156","b",27.67,2,"u","g","x","h",1,"t","t",4,"f","g",140,7544,"+",2.14921911265538,3.87765924411161,13,4
"157","b",44,2,"u","g","m","v",1.75,"t","t",2,"t","g",0,15,"+",0,1.20411998265592,13,7
"158","b",25.08,1.71,"u","g","x","v",1.665,"t","t",1,"t","g",395,20,"+",2.59769518592551,1.32221929473392,12,6
"159","b",32,1.75,"y","p","e","h",0.04,"t","f",0,"t","g",393,0,"+",2.59549622182557,0,12,1
"160","a",60.58,16.5,"u","g","q","v",11,"t","f",0,"t","g",21,10561,"+",1.34242268082221,4.02374616315248,30,39
"161","a",40.83,10,"u","g","q","h",1.75,"t","f",0,"f","g",29,837,"+",1.47712125471966,2.92324401863028,25,7
"162","b",19.33,9.5,"u","g","q","v",1,"t","f",0,"t","g",60,400,"+",1.78532983501077,2.60314437262018,25,4
"163","a",32.33,0.54,"u","g","cc","v",0.04,"t","f",0,"f","g",440,11177,"+",2.64443858946784,4.04836410527989,5,1
"164","b",36.67,3.25,"u","g","q","h",9,"t","f",0,"t","g",102,639,"+",2.01283722470517,2.80617997398389,17,32
"165","b",37.5,1.125,"y","p","d","v",1.5,"f","f",0,"t","g",431,0,"+",2.63548374681491,0,9,6
"166","a",25.08,2.54,"y","p","aa","v",0.25,"t","f",0,"t","g",370,0,"+",2.56937390961505,0,15,1
"167","b",41.33,0,"u","g","c","bb",15,"t","f",0,"f","g",0,0,"+",0,0,1,53
"168","b",56,12.5,"u","g","k","h",8,"t","f",0,"t","g",24,2028,"+",1.39794000867204,3.30728204703335,28,29
"169","a",49.83,13.585,"u","g","k","h",8.5,"t","f",0,"t","g",0,0,"+",0,0,29,30
"170","b",22.67,10.5,"u","g","q","h",1.335,"t","f",0,"f","g",100,0,"+",2.00432137378264,0,26,5
"171","b",27,1.5,"y","p","w","v",0.375,"t","f",0,"t","g",260,1065,"+",2.41664050733828,3.02775720469055,11,2
"172","b",25,12.5,"u","g","aa","v",3,"t","f",0,"t","s",20,0,"+",1.32221929473392,0,28,11
"173","a",26.08,8.665,"u","g","aa","v",1.415,"t","f",0,"f","g",160,150,"+",2.20682587603185,2.17897694729317,24,5
"174","a",18.42,9.25,"u","g","q","v",1.21,"t","t",4,"f","g",60,540,"+",1.78532983501077,2.73319726510657,24,5
"175","b",20.17,8.17,"u","g","aa","v",1.96,"t","t",14,"f","g",60,158,"+",1.78532983501077,2.20139712432045,23,7
"176","b",47.67,0.29,"u","g","c","bb",15,"t","t",20,"f","g",0,15000,"+",0,4.17612021105609,3,53
"177","a",21.25,2.335,"u","g","i","bb",0.5,"t","t",4,"f","s",80,0,"+",1.90848501887865,0,14,2
"178","a",20.67,3,"u","g","q","v",0.165,"t","t",3,"f","g",100,6,"+",2.00432137378264,0.845098040014257,16,1
"179","a",57.08,19.5,"u","g","c","v",5.5,"t","t",7,"f","g",0,3000,"+",0,3.47726599542485,30,20
"180","a",22.42,5.665,"u","g","q","v",2.585,"t","t",7,"f","g",129,3257,"+",2.11394335230684,3.51295107997249,21,10
"181","b",48.75,8.5,"u","g","c","h",12.5,"t","t",9,"f","g",181,1655,"+",2.26007138798507,3.21906033244886,24,44
"182","b",40,6.5,"u","g","aa","bb",3.5,"t","t",1,"f","g",0,500,"+",0,2.69983772586725,22,13
"183","b",40.58,5,"u","g","c","v",5,"t","t",7,"f","g",0,3065,"+",0,3.48657215051836,20,18
"184","a",28.67,1.04,"u","g","c","v",2.5,"t","t",5,"t","g",300,1430,"+",2.47856649559384,3.15563963375978,8,9
"185","a",33.08,4.625,"u","g","q","h",1.625,"t","t",2,"f","g",0,0,"+",0,0,19,6
"186","b",21.33,10.5,"u","g","c","v",3,"t","f",0,"t","g",0,0,"+",0,0,26,11
"187","b",42,0.205,"u","g","i","h",5.125,"t","f",0,"f","g",400,0,"+",2.60314437262018,0,2,18
"188","b",41.75,0.96,"u","g","x","v",2.5,"t","f",0,"f","g",510,600,"+",2.70842090013471,2.77887447200274,8,9
"189","b",22.67,1.585,"y","p","w","v",3.085,"t","t",6,"f","g",80,0,"+",1.90848501887865,0,11,11
"190","b",34.5,4.04,"y","p","i","bb",8.5,"t","t",7,"t","g",195,0,"+",2.29225607135648,0,18,30
"191","b",28.25,5.04,"y","p","c","bb",1.5,"t","t",8,"t","g",144,7,"+",2.16136800223497,0.903089986991944,20,6
"192","b",33.17,3.165,"y","p","x","v",3.165,"t","t",3,"t","g",380,0,"+",2.58092497567562,0,17,12
"193","b",48.17,7.625,"u","g","w","h",15.5,"t","t",12,"f","g",0,790,"+",0,2.89817648349768,23,55
"194","b",27.58,2.04,"y","p","aa","v",2,"t","t",3,"t","g",370,560,"+",2.56937390961505,2.74896286125616,13,8
"195","b",22.58,10.04,"u","g","x","v",0.04,"t","t",9,"f","g",60,396,"+",1.78532983501077,2.59879050676312,25,1
"196","a",24.08,0.5,"u","g","q","h",1.25,"t","t",1,"f","g",0,678,"+",0,2.8318697742805,5,5
"197","a",41.33,1,"u","g","i","bb",2.25,"t","f",0,"t","g",0,300,"+",0,2.47856649559384,8,8
"198","a",20.75,10.25,"u","g","q","v",0.71,"t","t",2,"t","g",49,0,"+",1.69897000433602,0,26,3
"199","b",36.33,2.125,"y","p","w","v",0.085,"t","t",1,"f","g",50,1187,"+",1.70757017609794,3.07481644064517,13,1
"200","a",35.42,12,"u","g","q","h",14,"t","t",8,"f","g",0,6590,"+",0,3.81895131164017,28,50
"201","b",28.67,9.335,"u","g","q","h",5.665,"t","t",6,"f","g",381,168,"+",2.58206336291171,2.22788670461367,24,20
"202","b",35.17,2.5,"u","g","k","v",4.5,"t","t",7,"f","g",150,1270,"+",2.17897694729317,3.10414555055401,15,16
"203","b",39.5,4.25,"u","g","c","bb",6.5,"t","t",16,"f","g",117,1210,"+",2.07188200730613,3.08314414314305,19,23
"204","b",39.33,5.875,"u","g","cc","h",10,"t","t",14,"t","g",399,0,"+",2.60205999132796,0,21,36
"205","b",24.33,6.625,"y","p","d","v",5.5,"t","f",0,"t","s",100,0,"+",2.00432137378264,0,22,20
"206","b",60.08,14.5,"u","g","ff","ff",18,"t","t",15,"t","g",0,1000,"+",0,3.00043407747932,29,64
"207","b",23.08,11.5,"u","g","i","v",3.5,"t","t",9,"f","g",56,742,"+",1.75587485567249,2.87098881376058,27,13
"208","b",26.67,2.71,"y","p","cc","v",5.25,"t","t",1,"f","g",211,0,"+",2.32633586092875,0,15,19
"209","b",48.17,3.5,"u","g","aa","v",3.5,"t","f",0,"f","s",230,0,"+",2.36361197989214,0,17,13
"210","b",41.17,4.04,"u","g","cc","h",7,"t","t",8,"f","g",320,0,"+",2.50650503240487,0,18,25
"211","b",55.92,11.5,"u","g","ff","ff",5,"t","t",5,"f","g",0,8851,"+",0,3.94704140525522,27,18
"212","b",53.92,9.625,"u","g","e","v",8.665,"t","t",5,"f","g",0,0,"+",0,0,25,31
"213","a",18.92,9.25,"y","p","c","v",1,"t","t",4,"t","g",80,500,"+",1.90848501887865,2.69983772586725,24,4
"214","a",50.08,12.54,"u","g","aa","v",2.29,"t","t",3,"t","g",156,0,"+",2.19589965240923,0,28,9
"215","b",65.42,11,"u","g","e","z",20,"t","t",7,"t","g",22,0,"+",1.36172783601759,0,27,71
"216","a",17.58,9,"u","g","aa","v",1.375,"t","f",0,"t","g",0,0,"+",0,0,24,5
"217","a",18.83,9.54,"u","g","aa","v",0.085,"t","f",0,"f","g",100,0,"+",2.00432137378264,0,25,1
"218","a",37.75,5.5,"u","g","q","v",0.125,"t","f",0,"t","g",228,0,"+",2.35983548233989,0,21,1
"219","b",23.25,4,"u","g","c","bb",0.25,"t","f",0,"t","g",160,0,"+",2.20682587603185,0,18,1
"220","b",18.08,5.5,"u","g","k","v",0.5,"t","f",0,"f","g",80,0,"+",1.90848501887865,0,21,2
"221","a",22.5,8.46,"y","p","x","v",2.46,"f","f",0,"f","g",164,0,"+",2.21748394421391,0,23,9
"222","b",19.67,0.375,"u","g","q","v",2,"t","t",2,"t","g",80,0,"+",1.90848501887865,0,3,8
"223","b",22.08,11,"u","g","cc","v",0.665,"t","f",0,"f","g",100,0,"+",2.00432137378264,0,27,3
"224","b",25.17,3.5,"u","g","cc","v",0.625,"t","t",7,"f","g",0,7059,"+",0,3.8488047010518,17,3
"225","a",47.42,3,"u","g","x","v",13.875,"t","t",2,"t","g",519,1704,"+",2.7160033436348,3.23172438332852,16,49
"226","b",33.5,1.75,"u","g","x","h",4.5,"t","t",4,"t","g",253,857,"+",2.40483371661994,2.93348728784871,12,16
"227","b",27.67,13.75,"u","g","w","v",5.75,"t","f",0,"t","g",487,500,"+",2.68841982200271,2.69983772586725,29,21
"228","a",58.42,21,"u","g","i","bb",10,"t","t",13,"f","g",0,6700,"+",0,3.82613961793591,30,36
"229","a",20.67,1.835,"u","g","q","v",2.085,"t","t",5,"f","g",220,2503,"+",2.34439227368511,3.39863432453839,12,8
"230","b",26.17,0.25,"u","g","i","bb",0,"t","f",0,"t","g",0,0,"+",0,0,2,1
"231","b",21.33,7.5,"u","g","aa","v",1.415,"t","t",1,"f","g",80,9800,"+",1.90848501887865,3.9912703891951,23,5
"232","b",42.83,4.625,"u","g","q","v",4.58,"t","f",0,"f","s",0,0,"+",0,0,19,17
"233","b",38.17,10.125,"u","g","x","v",2.5,"t","t",6,"f","g",520,196,"+",2.71683772329952,2.29446622616159,26,9
"234","b",20.5,10,"y","p","c","v",2.5,"t","f",0,"f","s",40,0,"+",1.61278385671974,0,25,9
"235","b",48.25,25.085,"u","g","w","v",1.75,"t","t",3,"f","g",120,14,"+",2.08278537031645,1.17609125905568,30,7
"236","b",28.33,5,"u","g","w","v",11,"t","f",0,"t","g",70,0,"+",1.85125834871908,0,20,39
"237","b",18.5,2,"u","g","i","v",1.5,"t","t",2,"f","g",120,300,"+",2.08278537031645,2.47856649559384,13,6
"238","b",33.17,3.04,"y","p","c","h",2.04,"t","t",1,"t","g",180,18027,"+",2.25767857486918,4.25594754939894,17,8
"239","b",45,8.5,"u","g","cc","h",14,"t","t",1,"t","g",88,2000,"+",1.94939000664491,3.30124708863621,24,50
"240","a",19.67,0.21,"u","g","q","h",0.29,"t","t",11,"f","g",80,99,"+",1.90848501887865,2,2,2
"241","b",21.83,11,"u","g","x","v",0.29,"t","t",6,"f","g",121,0,"+",2.08635983067475,0,27,2
"242","b",40.25,21.5,"u","g","e","z",20,"t","t",11,"f","g",0,1200,"+",0,3.07954300740291,30,71
"243","b",41.42,5,"u","g","q","h",5,"t","t",6,"t","g",470,0,"+",2.6730209071289,0,20,18
"244","a",17.83,11,"u","g","x","h",1,"t","t",11,"f","g",0,3000,"+",0,3.47726599542485,27,4
"245","b",23.17,11.125,"u","g","x","h",0.46,"t","t",1,"f","g",100,0,"+",2.00432137378264,0,27,2
"246","b",18.17,10.25,"u","g","c","h",1.085,"f","f",0,"f","g",320,13,"-",2.50650503240487,1.14612803567824,26,4
"247","b",20,11.045,"u","g","c","v",2,"f","f",0,"t","g",136,0,"-",2.13672056715641,0,27,8
"248","b",20,0,"u","g","d","v",0.5,"f","f",0,"f","g",144,0,"-",2.16136800223497,0,1,2
"249","a",20.75,9.54,"u","g","i","v",0.04,"f","f",0,"f","g",200,1000,"-",2.30319605742049,3.00043407747932,25,1
"250","a",24.5,1.75,"y","p","c","v",0.165,"f","f",0,"f","g",132,0,"-",2.12385164096709,0,12,1
"251","b",32.75,2.335,"u","g","d","h",5.75,"f","f",0,"t","g",292,0,"-",2.46686762035411,0,14,21
"252","a",52.17,0,"y","p","ff","ff",0,"f","f",0,"f","g",0,0,"-",0,0,1,1
"253","a",48.17,1.335,"u","g","i","o",0.335,"f","f",0,"f","g",0,120,"-",0,2.08278537031645,10,2
"254","a",20.42,10.5,"y","p","x","h",0,"f","f",0,"t","g",154,32,"-",2.19033169817029,1.51851393987789,26,1
"255","b",50.75,0.585,"u","g","ff","ff",0,"f","f",0,"f","g",145,0,"-",2.16435285578444,0,5,1
"256","b",17.08,0.085,"y","p","c","v",0.04,"f","f",0,"f","g",140,722,"-",2.14921911265538,2.85913829729453,1,1
"257","b",18.33,1.21,"y","p","e","dd",0,"f","f",0,"f","g",100,0,"-",2.00432137378264,0,9,1
"258","a",32,6,"u","g","d","v",1.25,"f","f",0,"f","g",272,0,"-",2.43616264704076,0,22,5
"259","b",59.67,1.54,"u","g","q","v",0.125,"t","f",0,"t","g",260,0,"+",2.41664050733828,0,11,1
"260","b",18,0.165,"u","g","q","n",0.21,"f","f",0,"f","g",200,40,"+",2.30319605742049,1.61278385671974,2,1
"261","b",32.33,2.5,"u","g","c","v",1.25,"f","f",0,"t","g",280,0,"-",2.44870631990508,0,15,5
"262","b",18.08,6.75,"y","p","m","v",0.04,"f","f",0,"f","g",140,0,"-",2.14921911265538,0,22,1
"263","b",38.25,10.125,"y","p","k","v",0.125,"f","f",0,"f","g",160,0,"-",2.20682587603185,0,26,1
"264","b",30.67,2.5,"u","g","cc","h",2.25,"f","f",0,"t","s",340,0,"-",2.5327543789925,0,15,8
"265","b",18.58,5.71,"u","g","d","v",0.54,"f","f",0,"f","g",120,0,"-",2.08278537031645,0,21,2
"266","a",19.17,5.415,"u","g","i","h",0.29,"f","f",0,"f","g",80,484,"-",1.90848501887865,2.68574173860226,21,2
"267","a",18.17,10,"y","p","q","h",0.165,"f","f",0,"f","g",340,0,"-",2.5327543789925,0,25,1
"268","b",16.25,0.835,"u","g","m","v",0.085,"t","f",0,"f","s",200,0,"-",2.30319605742049,0,7,1
"269","b",21.17,0.875,"y","p","c","h",0.25,"f","f",0,"f","g",280,204,"-",2.44870631990508,2.31175386105575,7,1
"270","b",23.92,0.585,"y","p","cc","h",0.125,"f","f",0,"f","g",240,1,"-",2.38201704257487,0.301029995663981,5,1
"271","b",17.67,4.46,"u","g","c","v",0.25,"f","f",0,"f","s",80,0,"-",1.90848501887865,0,19,1
"272","a",16.5,1.25,"u","g","q","v",0.25,"f","t",1,"f","g",108,98,"-",2.03742649794062,1.99563519459755,9,1
"273","b",23.25,12.625,"u","g","c","v",0.125,"f","t",2,"f","g",0,5552,"-",0,3.74452767347257,28,1
"274","b",17.58,10,"u","g","w","h",0.165,"f","t",1,"f","g",120,1,"-",2.08278537031645,0.301029995663981,25,1
"275","b",29.5,0.58,"u","g","w","v",0.29,"f","t",1,"f","g",340,2803,"-",2.5327543789925,3.44777800929462,5,2
"276","b",18.83,0.415,"y","p","c","v",0.165,"f","t",1,"f","g",200,1,"-",2.30319605742049,0.301029995663981,4,1
"277","a",21.75,1.75,"y","p","j","j",0,"f","f",0,"f","g",160,0,"-",2.20682587603185,0,12,1
"278","b",23,0.75,"u","g","m","v",0.5,"f","f",0,"t","s",320,0,"-",2.50650503240487,0,6,2
"279","a",18.25,10,"u","g","w","v",1,"f","t",1,"f","g",120,1,"-",2.08278537031645,0.301029995663981,25,4
"280","b",25.42,0.54,"u","g","w","v",0.165,"f","t",1,"f","g",272,444,"-",2.43616264704076,2.64836001098093,5,1
"281","b",35.75,2.415,"u","g","w","v",0.125,"f","t",2,"f","g",220,1,"-",2.34439227368511,0.301029995663981,14,1
"282","a",16.08,0.335,"u","g","ff","ff",0,"f","t",1,"f","g",160,126,"-",2.20682587603185,2.10380372095596,3,1
"283","a",31.92,3.125,"u","g","ff","ff",3.04,"f","t",2,"t","g",200,4,"-",2.30319605742049,0.698970004336019,17,11
"284","b",69.17,9,"u","g","ff","ff",4,"f","t",1,"f","g",70,6,"-",1.85125834871908,0.845098040014257,24,15
"285","b",32.92,2.5,"u","g","aa","v",1.75,"f","t",2,"t","g",720,0,"-",2.85793526471943,0,15,7
"286","b",16.33,2.75,"u","g","aa","v",0.665,"f","t",1,"f","g",80,21,"-",1.90848501887865,1.34242268082221,15,3
"287","b",22.17,12.125,"u","g","c","v",3.335,"f","t",2,"t","g",180,173,"-",2.25767857486918,2.2405492482826,28,12
"288","a",57.58,2,"u","g","ff","ff",6.5,"f","t",1,"f","g",0,10,"-",0,1.04139268515823,13,23
"289","b",18.25,0.165,"u","g","d","v",0.25,"f","f",0,"t","s",280,0,"-",2.44870631990508,0,2,1
"290","b",23.42,1,"u","g","c","v",0.5,"f","f",0,"t","s",280,0,"-",2.44870631990508,0,8,2
"291","a",15.92,2.875,"u","g","q","v",0.085,"f","f",0,"f","g",120,0,"-",2.08278537031645,0,16,1
"292","a",24.75,13.665,"u","g","q","h",1.5,"f","f",0,"f","g",280,1,"-",2.44870631990508,0.301029995663981,29,6
"293","b",48.75,26.335,"y","p","ff","ff",0,"t","f",0,"t","g",0,0,"-",0,0,30,1
"294","b",23.5,2.75,"u","g","ff","ff",4.5,"f","f",0,"f","g",160,25,"-",2.20682587603185,1.41497334797082,15,16
"295","b",18.58,10.29,"u","g","ff","ff",0.415,"f","f",0,"f","g",80,0,"-",1.90848501887865,0,26,2
"296","b",27.75,1.29,"u","g","k","h",0.25,"f","f",0,"t","s",140,0,"-",2.14921911265538,0,10,1
"297","a",31.75,3,"y","p","j","j",0,"f","f",0,"f","g",160,20,"-",2.20682587603185,1.32221929473392,16,1
"298","a",24.83,4.5,"u","g","w","v",1,"f","f",0,"t","g",360,6,"-",2.55750720190566,0.845098040014257,19,4
"299","b",19,1.75,"y","p","c","v",2.335,"f","f",0,"t","g",112,6,"-",2.05307844348342,0.845098040014257,12,9
"300","a",16.33,0.21,"u","g","aa","v",0.125,"f","f",0,"f","g",200,1,"-",2.30319605742049,0.301029995663981,2,1
"301","a",18.58,10,"u","g","d","v",0.415,"f","f",0,"f","g",80,42,"-",1.90848501887865,1.63346845557959,25,2
"302","b",16.25,0,"y","p","aa","v",0.25,"f","f",0,"f","g",60,0,"-",1.78532983501077,0,1,1
"303","b",23,0.75,"u","g","m","v",0.5,"t","f",0,"t","s",320,0,"-",2.50650503240487,0,6,2
"304","b",21.17,0.25,"y","p","c","h",0.25,"f","f",0,"f","g",280,204,"-",2.44870631990508,2.31175386105575,2,1
"305","b",17.5,22,"l","gg","ff","o",0,"f","f",0,"t","p",450,100000,"+",2.65417654187796,5.0000043429231,30,1
"306","b",19.17,0,"y","p","m","bb",0,"f","f",0,"t","s",500,1,"+",2.69983772586725,0.301029995663981,1,1
"307","b",36.75,0.125,"y","p","c","v",1.5,"f","f",0,"t","g",232,113,"+",2.36735592102602,2.05690485133647,2,6
"308","b",21.25,1.5,"u","g","w","v",1.5,"f","f",0,"f","g",150,8,"+",2.17897694729317,0.954242509439325,11,6
"309","a",18.08,0.375,"l","gg","cc","ff",10,"f","f",0,"t","s",300,0,"+",2.47856649559384,0,3,36
"310","a",33.67,0.375,"u","g","cc","v",0.375,"f","f",0,"f","g",300,44,"+",2.47856649559384,1.65321251377534,3,2
"311","b",48.58,0.205,"y","p","k","v",0.25,"t","t",11,"f","g",380,2732,"+",2.58092497567562,3.43663963169266,2,1
"312","b",33.67,1.25,"u","g","w","v",1.165,"f","f",0,"f","g",120,0,"-",2.08278537031645,0,9,5
"313","a",29.5,1.085,"y","p","x","v",1,"f","f",0,"f","g",280,13,"-",2.44870631990508,1.14612803567824,8,4
"314","b",30.17,1.085,"y","p","c","v",0.04,"f","f",0,"f","g",170,179,"-",2.23299611039215,2.25527250510331,8,1
"315","b",34.83,2.5,"y","p","w","v",3,"f","f",0,"f","s",200,0,"-",2.30319605742049,0,15,11
"316","a",33.25,2.5,"y","p","c","v",2.5,"f","f",0,"t","g",0,2,"-",0,0.477121254719662,15,9
"317","b",34.08,2.5,"u","g","c","v",1,"f","f",0,"f","g",460,16,"-",2.66370092538965,1.23044892137827,15,4
"318","a",25.25,12.5,"u","g","d","v",1,"f","f",0,"t","g",180,1062,"-",2.25767857486918,3.0265332645233,28,4
"319","b",34.75,2.5,"u","g","cc","bb",0.5,"f","f",0,"f","g",348,0,"-",2.54282542695918,0,15,2
"320","b",27.67,0.75,"u","g","q","h",0.165,"f","f",0,"t","g",220,251,"-",2.34439227368511,2.40140054078154,6,1
"321","b",47.33,6.5,"u","g","c","v",1,"f","f",0,"t","g",0,228,"-",0,2.35983548233989,22,4
"322","a",34.83,1.25,"y","p","i","h",0.5,"f","f",0,"t","g",160,0,"-",2.20682587603185,0,9,2
"323","a",33.25,3,"y","p","aa","v",2,"f","f",0,"f","g",180,0,"-",2.25767857486918,0,16,8
"324","b",28,3,"u","g","w","v",0.75,"f","f",0,"t","g",300,67,"-",2.47856649559384,1.83250891270624,16,3
"325","a",39.08,4,"u","g","c","v",3,"f","f",0,"f","g",480,0,"-",2.68214507637383,0,18,11
"326","b",42.75,4.085,"u","g","aa","v",0.04,"f","f",0,"f","g",108,100,"-",2.03742649794062,2.00432137378264,18,1
"327","b",26.92,2.25,"u","g","i","bb",0.5,"f","f",0,"t","g",640,4000,"-",2.80685802951882,3.602168551379,14,2
"328","b",33.75,2.75,"u","g","i","bb",0,"f","f",0,"f","g",180,0,"-",2.25767857486918,0,15,1
"329","b",38.92,1.75,"u","g","k","v",0.5,"f","f",0,"t","g",300,2,"-",2.47856649559384,0.477121254719662,12,2
"330","b",62.75,7,"u","g","e","z",0,"f","f",0,"f","g",0,12,"-",0,1.11394335230684,23,1
"331","b",26.75,4.5,"y","p","c","bb",2.5,"f","f",0,"f","g",200,1210,"-",2.30319605742049,3.08314414314305,19,9
"332","b",63.33,0.54,"u","g","c","v",0.585,"t","t",3,"t","g",180,0,"-",2.25767857486918,0,5,3
"333","b",27.83,1.5,"u","g","w","v",2.25,"f","t",1,"t","g",100,3,"-",2.00432137378264,0.602059991327962,11,8
"334","a",26.17,2,"u","g","j","j",0,"f","f",0,"t","g",276,1,"-",2.44247976906445,0.301029995663981,13,1
"335","b",22.17,0.585,"y","p","ff","ff",0,"f","f",0,"f","g",100,0,"-",2.00432137378264,0,5,1
"336","b",22.5,11.5,"y","p","m","v",1.5,"f","f",0,"t","g",0,4000,"-",0,3.602168551379,27,6
"337","b",30.75,1.585,"u","g","d","v",0.585,"f","f",0,"t","s",0,0,"-",0,0,11,3
"338","b",36.67,2,"u","g","i","v",0.25,"f","f",0,"t","g",221,0,"-",2.34635297445064,0,13,1
"339","a",16,0.165,"u","g","aa","v",1,"f","t",2,"t","g",320,1,"-",2.50650503240487,0.301029995663981,2,4
"340","b",41.17,1.335,"u","g","d","v",0.165,"f","f",0,"f","g",168,0,"-",2.22788670461367,0,10,1
"341","a",19.5,0.165,"u","g","q","v",0.04,"f","f",0,"t","g",380,0,"-",2.58092497567562,0,2,1
"342","b",32.42,3,"u","g","d","v",0.165,"f","f",0,"t","g",120,0,"-",2.08278537031645,0,16,1
"343","a",36.75,4.71,"u","g","ff","ff",0,"f","f",0,"f","g",160,0,"-",2.20682587603185,0,20,1
"344","a",30.25,5.5,"u","g","k","v",5.5,"f","f",0,"t","s",100,0,"-",2.00432137378264,0,21,20
"345","b",23.08,2.5,"u","g","ff","ff",0.085,"f","f",0,"t","g",100,4208,"-",2.00432137378264,3.62417892574802,15,1
"346","b",26.83,0.54,"u","g","k","ff",0,"f","f",0,"f","g",100,0,"-",2.00432137378264,0,5,1
"347","b",16.92,0.335,"y","p","k","v",0.29,"f","f",0,"f","s",200,0,"-",2.30319605742049,0,3,2
"348","b",24.42,2,"u","g","e","dd",0.165,"f","t",2,"f","g",320,1300,"-",2.50650503240487,3.11427729656159,13,1
"349","b",42.83,1.25,"u","g","m","v",13.875,"f","t",1,"t","g",352,112,"-",2.54777470538782,2.05307844348342,9,49
"350","a",22.75,6.165,"u","g","aa","v",0.165,"f","f",0,"f","g",220,1000,"-",2.34439227368511,3.00043407747932,22,1
"351","b",39.42,1.71,"y","p","m","v",0.165,"f","f",0,"f","s",400,0,"-",2.60314437262018,0,12,1
"352","a",23.58,11.5,"y","p","k","h",3,"f","f",0,"t","g",20,16,"-",1.32221929473392,1.23044892137827,27,11
"353","b",21.42,0.75,"y","p","r","n",0.75,"f","f",0,"t","g",132,2,"-",2.12385164096709,0.477121254719662,6,3
"354","b",33,2.5,"y","p","w","v",7,"f","f",0,"t","g",280,0,"-",2.44870631990508,0,15,25
"355","b",26.33,13,"u","g","e","dd",0,"f","f",0,"t","g",140,1110,"-",2.14921911265538,3.04571405894087,29,1
"356","a",45,4.585,"u","g","k","h",1,"f","f",0,"t","s",240,0,"-",2.38201704257487,0,19,4
"357","b",26.25,1.54,"u","g","w","v",0.125,"f","f",0,"f","g",100,0,"-",2.00432137378264,0,11,1
"358","a",20.83,0.5,"y","p","e","dd",1,"f","f",0,"f","g",260,0,"-",2.41664050733828,0,5,4
"359","b",28.67,14.5,"u","g","d","v",0.125,"f","f",0,"f","g",0,286,"-",0,2.45788189673399,29,1
"360","b",20.67,0.835,"y","p","c","v",2,"f","f",0,"t","s",240,0,"-",2.38201704257487,0,7,8
"361","b",34.42,1.335,"u","g","i","bb",0.125,"f","f",0,"t","g",440,4500,"-",2.64443858946784,3.65330901293848,10,1
"362","b",33.58,0.25,"u","g","i","bb",4,"f","f",0,"t","s",420,0,"-",2.62428209583567,0,2,15
"363","b",43.17,5,"u","g","i","bb",2.25,"f","f",0,"t","g",141,0,"-",2.15228834438306,0,20,8
"364","a",22.67,7,"u","g","c","v",0.165,"f","f",0,"f","g",160,0,"-",2.20682587603185,0,23,1
"365","a",24.33,2.5,"y","p","i","bb",4.5,"f","f",0,"f","g",200,456,"-",2.30319605742049,2.65991620006985,15,16
"366","a",56.83,4.25,"y","p","ff","ff",5,"f","f",0,"t","g",0,4,"-",0,0.698970004336019,19,18
"367","b",22.08,11.46,"u","g","k","v",1.585,"f","f",0,"t","g",100,1212,"-",2.00432137378264,3.08386080086657,27,6
"368","b",34,5.5,"y","p","c","v",1.5,"f","f",0,"t","g",60,0,"-",1.78532983501077,0,21,6
"369","b",22.58,1.5,"y","p","aa","v",0.54,"f","f",0,"t","g",120,67,"-",2.08278537031645,1.83250891270624,11,2
"370","b",21.17,0,"u","g","c","v",0.5,"f","f",0,"t","s",0,0,"-",0,0,1,2
"371","b",26.67,14.585,"u","g","i","bb",0,"f","f",0,"t","g",178,0,"-",2.25285303097989,0,29,1
"372","b",22.92,0.17,"u","g","m","v",0.085,"f","f",0,"f","s",0,0,"-",0,0,2,1
"373","b",15.17,7,"u","g","e","v",1,"f","f",0,"f","g",600,0,"-",2.77887447200274,0,23,4
"374","b",39.92,5,"u","g","i","bb",0.21,"f","f",0,"f","g",550,0,"-",2.74115159885178,0,20,1
"375","b",27.42,12.5,"u","g","aa","bb",0.25,"f","f",0,"t","g",720,0,"-",2.85793526471943,0,28,1
"376","b",24.75,0.54,"u","g","m","v",1,"f","f",0,"t","g",120,1,"-",2.08278537031645,0.301029995663981,5,4
"377","b",41.17,1.25,"y","p","w","v",0.25,"f","f",0,"f","g",0,195,"-",0,2.29225607135648,9,1
"378","a",33.08,1.625,"u","g","d","v",0.54,"f","f",0,"t","g",0,0,"-",0,0,11,2
"379","b",29.83,2.04,"y","p","x","h",0.04,"f","f",0,"f","g",128,1,"-",2.11058971029925,0.301029995663981,13,1
"380","a",23.58,0.585,"y","p","ff","ff",0.125,"f","f",0,"f","g",120,87,"-",2.08278537031645,1.94448267215017,5,1
"381","b",26.17,12.5,"y","p","k","h",1.25,"f","f",0,"t","g",0,17,"-",0,1.25527250510331,28,5
"382","b",31,2.085,"u","g","c","v",0.085,"f","f",0,"f","g",300,0,"-",2.47856649559384,0,13,1
"383","b",20.75,5.085,"y","p","j","v",0.29,"f","f",0,"f","g",140,184,"-",2.14921911265538,2.26717172840301,20,2
"384","b",28.92,0.375,"u","g","c","v",0.29,"f","f",0,"f","g",220,140,"-",2.34439227368511,2.14921911265538,3,2
"385","a",51.92,6.5,"u","g","i","bb",3.085,"f","f",0,"t","g",73,0,"-",1.86923171973098,0,22,11
"386","a",22.67,0.335,"u","g","q","v",0.75,"f","f",0,"f","s",160,0,"-",2.20682587603185,0,3,3
"387","b",34,5.085,"y","p","i","bb",1.085,"f","f",0,"t","g",480,0,"-",2.68214507637383,0,20,4
"388","a",69.5,6,"u","g","ff","ff",0,"f","f",0,"f","s",0,0,"-",0,0,22,1
"389","a",19.58,0.665,"y","p","c","v",1,"f","t",1,"f","g",2000,2,"-",3.30124708863621,0.477121254719662,6,4
"390","b",16,3.125,"u","g","w","v",0.085,"f","t",1,"f","g",0,6,"-",0,0.845098040014257,17,1
"391","b",17.08,0.25,"u","g","q","v",0.335,"f","t",4,"f","g",160,8,"-",2.20682587603185,0.954242509439325,2,2
"392","b",31.25,2.835,"u","g","ff","ff",0,"f","t",5,"f","g",176,146,"-",2.24797326636181,2.16731733474818,16,1
"393","b",25.17,3,"u","g","c","v",1.25,"f","t",1,"f","g",0,22,"-",0,1.36172783601759,16,5
"394","a",22.67,0.79,"u","g","i","v",0.085,"f","f",0,"f","g",144,0,"-",2.16136800223497,0,7,1
"395","b",40.58,1.5,"u","g","i","bb",0,"f","f",0,"f","s",300,0,"-",2.47856649559384,0,11,1
"396","b",22.25,0.46,"u","g","k","v",0.125,"f","f",0,"t","g",280,55,"-",2.44870631990508,1.7481880270062,4,1
"397","a",22.25,1.25,"y","p","ff","ff",3.25,"f","f",0,"f","g",280,0,"-",2.44870631990508,0,9,12
"398","b",22.5,0.125,"y","p","k","v",0.125,"f","f",0,"f","g",200,70,"-",2.30319605742049,1.85125834871908,2,1
"399","b",23.58,1.79,"u","g","c","v",0.54,"f","f",0,"t","g",136,1,"-",2.13672056715641,0.301029995663981,12,2
"400","b",38.42,0.705,"u","g","c","v",0.375,"f","t",2,"f","g",225,500,"-",2.3541084391474,2.69983772586725,6,2
"401","a",26.58,2.54,"y","p","ff","ff",0,"f","f",0,"t","g",180,60,"-",2.25767857486918,1.78532983501077,15,1
"402","b",35,2.5,"u","g","i","v",1,"f","f",0,"t","g",210,0,"-",2.32428245529769,0,15,4
"403","b",20.42,1.085,"u","g","q","v",1.5,"f","f",0,"f","g",108,7,"-",2.03742649794062,0.903089986991944,8,6
"404","b",29.42,1.25,"u","g","w","v",1.75,"f","f",0,"f","g",200,0,"-",2.30319605742049,0,9,7
"405","b",26.17,0.835,"u","g","cc","v",1.165,"f","f",0,"f","g",100,0,"-",2.00432137378264,0,7,5
"406","b",33.67,2.165,"u","g","c","v",1.5,"f","f",0,"f","p",120,0,"-",2.08278537031645,0,13,6
"407","b",24.58,1.25,"u","g","c","v",0.25,"f","f",0,"f","g",110,0,"-",2.04532297878666,0,9,1
"408","a",27.67,2.04,"u","g","w","v",0.25,"f","f",0,"t","g",180,50,"-",2.25767857486918,1.70757017609794,13,1
"409","b",37.5,0.835,"u","g","e","v",0.04,"f","f",0,"f","g",120,5,"-",2.08278537031645,0.778151250383644,7,1
"410","b",49.17,2.29,"u","g","ff","ff",0.29,"f","f",0,"f","g",200,3,"-",2.30319605742049,0.602059991327962,14,2
"411","b",33.58,0.335,"y","p","cc","v",0.085,"f","f",0,"f","g",180,0,"-",2.25767857486918,0,3,1
"412","b",51.83,3,"y","p","ff","ff",1.5,"f","f",0,"f","g",180,4,"-",2.25767857486918,0.698970004336019,16,6
"413","b",22.92,3.165,"y","p","c","v",0.165,"f","f",0,"f","g",160,1058,"-",2.20682587603185,3.02489596010748,17,1
"414","b",21.83,1.54,"u","g","k","v",0.085,"f","f",0,"t","g",356,0,"-",2.55266821611219,0,11,1
"415","b",25.25,1,"u","g","aa","v",0.5,"f","f",0,"f","g",200,0,"-",2.30319605742049,0,8,2
"416","b",58.58,2.71,"u","g","c","v",2.415,"f","f",0,"t","g",320,0,"-",2.50650503240487,0,15,9
"417","b",19,0,"y","p","ff","ff",0,"f","t",4,"f","g",45,1,"-",1.66275783168157,0.301029995663981,1,1
"418","b",19.58,0.585,"u","g","ff","ff",0,"f","t",3,"f","g",350,769,"-",2.54530711646582,2.88649072517248,5,1
"419","a",53.33,0.165,"u","g","ff","ff",0,"f","f",0,"t","s",62,27,"-",1.79934054945358,1.44715803134222,2,1
"420","a",27.17,1.25,"u","g","ff","ff",0,"f","t",1,"f","g",92,300,"-",1.96848294855394,2.47856649559384,9,1
"421","b",25.92,0.875,"u","g","k","v",0.375,"f","t",2,"t","g",174,3,"-",2.24303804868629,0.602059991327962,7,2
"422","b",23.08,0,"u","g","k","v",1,"f","t",11,"f","s",0,0,"-",0,0,1,4
"423","b",39.58,5,"u","g","ff","ff",0,"f","t",2,"f","g",17,1,"-",1.25527250510331,0.301029995663981,20,1
"424","b",30.58,2.71,"y","p","m","v",0.125,"f","f",0,"t","s",80,0,"-",1.90848501887865,0,15,1
"425","b",17.25,3,"u","g","k","v",0.04,"f","f",0,"t","g",160,40,"-",2.20682587603185,1.61278385671974,16,1
"426","a",17.67,0,"y","p","j","ff",0,"f","f",0,"f","g",86,0,"-",1.93951925261862,0,1,1
"427","b",16.5,0.125,"u","g","c","v",0.165,"f","f",0,"f","g",132,0,"-",2.12385164096709,0,2,1
"428","a",27.33,1.665,"u","g","ff","ff",0,"f","f",0,"f","g",340,1,"-",2.5327543789925,0.301029995663981,11,1
"429","b",31.25,1.125,"u","g","ff","ff",0,"f","t",1,"f","g",96,19,"-",1.98677173426624,1.30102999566398,9,1
"430","b",20,7,"u","g","c","v",0.5,"f","f",0,"f","g",0,0,"-",0,0,23,2
"431","b",39.5,1.625,"u","g","c","v",1.5,"f","f",0,"f","g",0,316,"-",0,2.50105926221775,11,6
"432","b",36.5,4.25,"u","g","q","v",3.5,"f","f",0,"f","g",454,50,"-",2.65801139665711,1.70757017609794,19,13
"433","b",52.42,1.5,"u","g","d","v",3.75,"f","f",0,"t","g",0,350,"-",0,2.54530711646582,11,14
"434","b",36.17,18.125,"u","g","w","v",0.085,"f","f",0,"f","g",320,3552,"-",2.50650503240487,3.55059520748933,30,1
"435","b",29.67,0.75,"y","p","c","v",0.04,"f","f",0,"f","g",240,0,"-",2.38201704257487,0,6,1
"436","b",36.17,5.5,"u","g","i","bb",5,"f","f",0,"f","g",210,687,"-",2.32428245529769,2.83758843823551,21,18
"437","b",25.67,0.29,"y","p","c","v",1.5,"f","f",0,"t","g",160,0,"-",2.20682587603185,0,3,6
"438","a",24.5,2.415,"y","p","c","v",0,"f","f",0,"f","g",120,0,"-",2.08278537031645,0,14,1
"439","b",24.08,0.875,"u","g","m","v",0.085,"f","t",4,"f","g",254,1950,"-",2.40654018043396,3.29025726939452,7,1
"440","b",21.92,0.5,"u","g","c","v",0.125,"f","f",0,"f","g",360,0,"-",2.55750720190566,0,5,1
"441","a",36.58,0.29,"u","g","ff","ff",0,"f","t",10,"f","g",200,18,"-",2.30319605742049,1.27875360095283,3,1
"442","a",23,1.835,"u","g","j","j",0,"f","t",1,"f","g",200,53,"-",2.30319605742049,1.73239375982297,12,1
"443","a",27.58,3,"u","g","m","v",2.79,"f","t",1,"t","g",280,10,"-",2.44870631990508,1.04139268515823,16,10
"444","b",31.08,3.085,"u","g","c","v",2.5,"f","t",2,"t","g",160,41,"-",2.20682587603185,1.6232492903979,17,9
"445","a",30.42,1.375,"u","g","w","h",0.04,"f","t",3,"f","g",0,33,"-",0,1.53147891704226,10,1
"446","b",22.08,2.335,"u","g","k","v",0.75,"f","f",0,"f","g",180,0,"-",2.25767857486918,0,14,3
"447","b",16.33,4.085,"u","g","i","h",0.415,"f","f",0,"t","g",120,0,"-",2.08278537031645,0,18,2
"448","a",21.92,11.665,"u","g","k","h",0.085,"f","f",0,"f","g",320,5,"-",2.50650503240487,0.778151250383644,27,1
"449","b",21.08,4.125,"y","p","i","h",0.04,"f","f",0,"f","g",140,100,"-",2.14921911265538,2.00432137378264,18,1
"450","b",17.42,6.5,"u","g","i","v",0.125,"f","f",0,"f","g",60,100,"-",1.78532983501077,2.00432137378264,22,1
"451","b",19.17,4,"y","p","i","v",1,"f","f",0,"t","g",360,1000,"-",2.55750720190566,3.00043407747932,18,4
"452","b",20.67,0.415,"u","g","c","v",0.125,"f","f",0,"f","g",0,44,"-",0,1.65321251377534,4,1
"453","b",26.75,2,"u","g","d","v",0.75,"f","f",0,"t","g",80,0,"-",1.90848501887865,0,13,3
"454","b",23.58,0.835,"u","g","i","h",0.085,"f","f",0,"t","g",220,5,"-",2.34439227368511,0.778151250383644,7,1
"455","b",39.17,2.5,"y","p","i","h",10,"f","f",0,"t","s",200,0,"-",2.30319605742049,0,15,36
"456","b",22.75,11.5,"u","g","i","v",0.415,"f","f",0,"f","g",0,0,"-",0,0,27,2
"457","a",16.92,0.5,"u","g","i","v",0.165,"f","t",6,"t","g",240,35,"-",2.38201704257487,1.55630250076729,5,1
"458","b",23.5,3.165,"y","p","k","v",0.415,"f","t",1,"t","g",280,80,"-",2.44870631990508,1.90848501887865,17,2
"459","a",17.33,9.5,"u","g","aa","v",1.75,"f","t",10,"t","g",0,10,"-",0,1.04139268515823,25,7
"460","b",23.75,0.415,"y","p","c","v",0.04,"f","t",2,"f","g",128,6,"-",2.11058971029925,0.845098040014257,4,1
"461","b",34.67,1.08,"u","g","m","v",1.165,"f","f",0,"f","s",28,0,"-",1.46239799789896,0,8,5
"462","b",74.83,19,"y","p","ff","ff",0.04,"f","t",2,"f","g",0,351,"-",0,2.54654266347813,30,1
"463","b",28.17,0.125,"y","p","k","v",0.085,"f","f",0,"f","g",216,2100,"-",2.33645973384853,3.32242605240595,2,1
"464","b",24.5,13.335,"y","p","aa","v",0.04,"f","f",0,"t","g",120,475,"-",2.08278537031645,2.67760695272049,29,1
"465","b",18.83,3.54,"y","p","ff","ff",0,"f","f",0,"t","g",180,1,"-",2.25767857486918,0.301029995663981,18,1
"466","a",47.25,0.75,"u","g","q","h",2.75,"t","t",1,"f","g",333,892,"+",2.52374646681156,2.95085145888855,6,10
"467","b",24.17,0.875,"u","g","q","v",4.625,"t","t",2,"t","g",520,2000,"+",2.71683772329952,3.30124708863621,7,17
"468","b",39.25,9.5,"u","g","m","v",6.5,"t","t",14,"f","g",240,4607,"+",2.38201704257487,3.66351247041516,25,23
"469","a",20.5,11.835,"u","g","c","h",6,"t","f",0,"f","g",340,0,"+",2.5327543789925,0,27,22
"470","a",18.83,4.415,"y","p","c","h",3,"t","f",0,"f","g",240,0,"+",2.38201704257487,0,19,11
"471","b",19.17,9.5,"u","g","w","v",1.5,"t","f",0,"f","g",120,2206,"+",2.08278537031645,3.34380233316165,25,6
"472","a",25,0.875,"u","g","x","h",1.04,"t","f",0,"t","g",160,5860,"+",2.20682587603185,3.76797172138162,7,4
"473","b",20.17,9.25,"u","g","c","v",1.665,"t","t",3,"t","g",40,28,"+",1.61278385671974,1.46239799789896,24,6
"474","b",25.75,0.5,"u","g","c","v",1.46,"t","t",5,"t","g",312,0,"+",2.49554433754645,0,5,6
"475","b",20.42,7,"u","g","c","v",1.625,"t","t",3,"f","g",200,1391,"+",2.30319605742049,3.14363923527454,23,6
"476","b",39,5,"u","g","cc","v",3.5,"t","t",10,"t","g",0,0,"+",0,0,20,13
"477","a",64.08,0.165,"u","g","ff","ff",0,"t","t",1,"f","g",232,100,"+",2.36735592102602,2.00432137378264,2,1
"478","b",28.25,5.125,"u","g","x","v",4.75,"t","t",2,"f","g",420,7,"+",2.62428209583567,0.903089986991944,21,17
"479","a",28.75,3.75,"u","g","c","v",1.085,"t","t",1,"t","g",371,0,"+",2.5705429398819,0,18,4
"480","b",31.33,19.5,"u","g","c","v",7,"t","t",16,"f","g",0,5000,"+",0,3.69905685454767,30,25
"481","a",18.92,9,"u","g","aa","v",0.75,"t","t",2,"f","g",88,591,"+",1.94939000664491,2.77232170672292,24,3
"482","a",24.75,3,"u","g","q","h",1.835,"t","t",19,"f","g",0,500,"+",0,2.69983772586725,16,7
"483","a",30.67,12,"u","g","c","v",2,"t","t",1,"f","g",220,19,"+",2.34439227368511,1.30102999566398,28,8
"484","b",21,4.79,"y","p","w","v",2.25,"t","t",1,"t","g",80,300,"+",1.90848501887865,2.47856649559384,20,8
"485","b",13.75,4,"y","p","w","v",1.75,"t","t",2,"t","g",120,1000,"+",2.08278537031645,3.00043407747932,18,7
"486","a",46,4,"u","g","j","j",0,"t","f",0,"f","g",100,960,"+",2.00432137378264,2.98272338766855,18,1
"487","a",44.33,0,"u","g","c","v",2.5,"t","f",0,"f","g",0,0,"+",0,0,1,9
"488","b",20.25,9.96,"u","g","e","dd",0,"t","f",0,"f","g",0,0,"+",0,0,25,1
"489","b",22.67,2.54,"y","p","c","h",2.585,"t","f",0,"f","g",0,0,"+",0,0,15,10
"490","a",60.92,5,"u","g","aa","v",4,"t","t",4,"f","g",0,99,"+",0,2,20,15
"491","b",16.08,0.75,"u","g","c","v",1.75,"t","t",5,"t","g",352,690,"+",2.54777470538782,2.8394780473742,6,7
"492","a",28.17,0.375,"u","g","q","v",0.585,"t","t",4,"f","g",80,0,"+",1.90848501887865,0,3,3
"493","b",39.17,1.71,"u","g","x","v",0.125,"t","t",5,"t","g",480,0,"+",2.68214507637383,0,12,1
"494","a",30,5.29,"u","g","e","dd",2.25,"t","t",5,"t","g",99,500,"+",2,2.69983772586725,21,8
"495","b",22.83,3,"u","g","m","v",1.29,"t","t",1,"f","g",260,800,"+",2.41664050733828,2.90363251608424,16,5
"496","a",22.5,8.5,"u","g","q","v",1.75,"t","t",10,"f","g",80,990,"-",1.90848501887865,2.99607365448528,24,7
"497","a",28.58,1.665,"u","g","q","v",2.415,"t","f",0,"t","g",440,0,"-",2.64443858946784,0,11,9
"498","b",45.17,1.5,"u","g","c","v",2.5,"t","f",0,"t","g",140,0,"-",2.14921911265538,0,11,9
"499","b",41.58,1.75,"u","g","k","v",0.21,"t","f",0,"f","g",160,0,"-",2.20682587603185,0,12,1
"500","a",57.08,0.335,"u","g","i","bb",1,"t","f",0,"t","g",252,2197,"-",2.40312052117582,3.34202768808747,3,4
"501","a",55.75,7.08,"u","g","k","h",6.75,"t","t",3,"t","g",100,50,"-",2.00432137378264,1.70757017609794,23,24
"502","b",43.25,25.21,"u","g","q","h",0.21,"t","t",1,"f","g",760,90,"-",2.88138465677057,1.95904139232109,30,1
"503","a",25.33,2.085,"u","g","c","h",2.75,"t","f",0,"t","g",360,1,"-",2.55750720190566,0.301029995663981,13,10
"504","a",24.58,0.67,"u","g","aa","h",1.75,"t","f",0,"f","g",400,0,"-",2.60314437262018,0,6,7
"505","b",43.17,2.25,"u","g","i","bb",0.75,"t","f",0,"f","g",560,0,"-",2.74896286125616,0,14,3
"506","b",40.92,0.835,"u","g","ff","ff",0,"t","f",0,"f","g",130,1,"-",2.11727129565576,0.301029995663981,7,1
"507","b",31.83,2.5,"u","g","aa","v",7.5,"t","f",0,"t","g",523,0,"-",2.71933128698373,0,15,27
"508","a",33.92,1.585,"y","p","ff","ff",0,"t","f",0,"f","g",320,0,"-",2.50650503240487,0,11,1
"509","a",24.92,1.25,"u","g","ff","ff",0,"t","f",0,"f","g",80,0,"-",1.90848501887865,0,9,1
"510","b",35.25,3.165,"u","g","x","h",3.75,"t","f",0,"t","g",680,0,"-",2.83314711191279,0,17,14
"511","b",34.25,1.75,"u","g","w","bb",0.25,"t","f",0,"t","g",163,0,"-",2.2148438480477,0,12,1
"512","b",19.42,1.5,"y","p","cc","v",2,"t","f",0,"t","g",100,20,"-",2.00432137378264,1.32221929473392,11,8
"513","b",42.75,3,"u","g","i","bb",1,"t","f",0,"f","g",0,200,"-",0,2.30319605742049,16,4
"514","b",19.67,10,"y","p","k","h",0.835,"t","f",0,"t","g",140,0,"-",2.14921911265538,0,25,3
"515","b",36.33,3.79,"u","g","w","v",1.165,"t","f",0,"t","g",200,0,"-",2.30319605742049,0,18,5
"516","b",30.08,1.04,"y","p","i","bb",0.5,"t","t",10,"t","g",132,28,"-",2.12385164096709,1.46239799789896,8,2
"517","b",44.25,11,"y","p","d","v",1.5,"t","f",0,"f","s",0,0,"-",0,0,27,6
"518","b",23.58,0.46,"y","p","w","v",2.625,"t","t",6,"t","g",208,347,"-",2.32014628611105,2.54157924394658,4,10
"519","b",23.92,1.5,"u","g","d","h",1.875,"t","t",6,"f","g",200,327,"+",2.30319605742049,2.51587384371168,11,7
"520","b",33.17,1,"u","g","x","v",0.75,"t","t",7,"t","g",340,4071,"+",2.5327543789925,3.6098077693287,8,3
"521","b",48.33,12,"u","g","m","v",16,"t","f",0,"f","s",110,0,"+",2.04532297878666,0,28,57
"522","b",76.75,22.29,"u","g","e","z",12.75,"t","t",1,"t","g",0,109,"+",0,2.04139268515822,30,45
"523","b",51.33,10,"u","g","i","bb",0,"t","t",11,"f","g",0,1249,"+",0,3.09691001300806,25,1
"524","b",34.75,15,"u","g","r","n",5.375,"t","t",9,"t","g",0,134,"+",0,2.13033376849501,29,19
"525","b",38.58,3.335,"u","g","w","v",4,"t","t",14,"f","g",383,1344,"+",2.58433122436753,3.12872228433843,17,15
"526","a",22.42,11.25,"y","p","x","h",0.75,"t","t",4,"f","g",0,321,"+",0,2.50785587169583,27,3
"527","b",41.92,0.42,"u","g","c","h",0.21,"t","t",6,"f","g",220,948,"+",2.34439227368511,2.97726621242729,4,1
"528","b",29.58,4.5,"u","g","w","v",7.5,"t","t",2,"t","g",330,0,"+",2.51982799377572,0,19,27
"529","a",32.17,1.46,"u","g","w","v",1.085,"t","t",16,"f","g",120,2079,"+",2.08278537031645,3.31806333496276,10,4
"530","b",51.42,0.04,"u","g","x","h",0.04,"t","f",0,"f","g",0,3000,"+",0,3.47726599542485,1,1
"531","a",22.83,2.29,"u","g","q","h",2.29,"t","t",7,"t","g",140,2384,"+",2.14921911265538,3.37748838337613,14,9
"532","a",25,12.33,"u","g","cc","h",3.5,"t","t",6,"f","g",400,458,"+",2.60314437262018,2.66181268553726,28,13
"533","b",26.75,1.125,"u","g","x","h",1.25,"t","f",0,"f","g",0,5298,"+",0,3.72419391951433,9,5
"534","b",23.33,1.5,"u","g","c","h",1.415,"t","f",0,"f","g",422,200,"+",2.62634036737504,2.30319605742049,11,5
"535","b",24.42,12.335,"u","g","q","h",1.585,"t","f",0,"t","g",120,0,"+",2.08278537031645,0,28,6
"536","b",42.17,5.04,"u","g","q","h",12.75,"t","f",0,"t","g",92,0,"+",1.96848294855394,0,20,45
"537","a",20.83,3,"u","g","aa","v",0.04,"t","f",0,"f","g",100,0,"+",2.00432137378264,0,16,1
"538","b",23.08,11.5,"u","g","w","h",2.125,"t","t",11,"t","g",290,284,"+",2.46389298898591,2.45484486000851,27,8
"539","a",25.17,2.875,"u","g","x","h",0.875,"t","f",0,"f","g",360,0,"+",2.55750720190566,0,16,4
"540","b",43.08,0.375,"y","p","c","v",0.375,"t","t",8,"t","g",300,162,"+",2.47856649559384,2.21218760440396,3,2
"541","a",35.75,0.915,"u","g","aa","v",0.75,"t","t",4,"f","g",0,1583,"+",0,3.19975517725347,7,3
"542","b",59.5,2.75,"u","g","w","v",1.75,"t","t",5,"t","g",60,58,"+",1.78532983501077,1.77085201164214,15,7
"543","b",21,3,"y","p","d","v",1.085,"t","t",8,"t","g",160,1,"+",2.20682587603185,0.301029995663981,16,4
"544","b",21.92,0.54,"y","p","x","v",0.04,"t","t",1,"t","g",840,59,"+",2.92479599579791,1.77815125038364,5,1
"545","a",65.17,14,"u","g","ff","ff",0,"t","t",11,"t","g",0,1400,"+",0,3.14643813528577,29,1
"546","a",20.33,10,"u","g","c","h",1,"t","t",4,"f","g",50,1465,"+",1.70757017609794,3.16613397030511,25,4
"547","b",32.25,0.165,"y","p","c","h",3.25,"t","t",1,"t","g",432,8000,"+",2.63648789635337,3.90314427040954,2,12
"548","b",30.17,0.5,"u","g","c","v",1.75,"t","t",11,"f","g",32,540,"+",1.51851393987789,2.73319726510657,5,7
"549","b",25.17,6,"u","g","c","v",1,"t","t",3,"f","g",0,0,"+",0,0,22,4
"550","b",39.17,1.625,"u","g","c","v",1.5,"t","t",10,"f","g",186,4700,"+",2.2718416065365,3.67219025118825,11,6
"551","b",39.08,6,"u","g","m","v",1.29,"t","t",5,"t","g",108,1097,"+",2.03742649794062,3.04060234011407,22,5
"552","b",31.67,0.83,"u","g","x","v",1.335,"t","t",8,"t","g",303,3290,"+",2.48287358360875,3.51732788229437,7,5
"553","b",41,0.04,"u","g","e","v",0.04,"f","t",1,"f","s",560,0,"+",2.74896286125616,0,1,1
"554","b",48.5,4.25,"u","g","m","v",0.125,"t","f",0,"t","g",225,0,"+",2.3541084391474,0,19,1
"555","b",32.67,9,"y","p","w","h",5.25,"t","f",0,"t","g",154,0,"+",2.19033169817029,0,24,19
"556","a",28.08,15,"y","p","e","z",0,"t","f",0,"f","g",0,13212,"+",0,4.12100143498964,29,1
"557","b",73.42,17.75,"u","g","ff","ff",0,"t","f",0,"t","g",0,0,"+",0,0,30,1
"558","b",64.08,20,"u","g","x","h",17.5,"t","t",9,"t","g",0,1000,"+",0,3.00043407747932,30,62
"559","b",51.58,15,"u","g","c","v",8.5,"t","t",9,"f","g",0,0,"+",0,0,29,30
"560","b",26.67,1.75,"y","p","c","v",1,"t","t",5,"t","g",160,5777,"+",2.20682587603185,3.76177753750818,12,4
"561","b",25.33,0.58,"u","g","c","v",0.29,"t","t",7,"t","g",96,5124,"+",1.98677173426624,3.70969386972779,5,2
"562","b",30.17,6.5,"u","g","cc","v",3.125,"t","t",8,"f","g",330,1200,"+",2.51982799377572,3.07954300740291,22,11
"563","b",27,0.75,"u","g","c","h",4.25,"t","t",3,"t","g",312,150,"+",2.49554433754645,2.17897694729317,6,15
"564","b",34.17,5.25,"u","g","w","v",0.085,"f","f",0,"t","g",290,6,"+",2.46389298898591,0.845098040014257,21,1
"565","b",38.67,0.21,"u","g","k","v",0.085,"t","f",0,"t","g",280,0,"+",2.44870631990508,0,2,1
"566","b",25.75,0.75,"u","g","c","bb",0.25,"t","f",0,"f","g",349,23,"+",2.54406804435028,1.38021124171161,6,1
"567","a",46.08,3,"u","g","c","v",2.375,"t","t",8,"t","g",396,4159,"+",2.59879050676312,3.61909333062674,16,9
"568","a",21.5,6,"u","g","aa","v",2.5,"t","t",3,"f","g",80,918,"+",1.90848501887865,2.96331551138611,22,9
"569","b",20.5,2.415,"u","g","c","v",2,"t","t",11,"t","g",200,3000,"+",2.30319605742049,3.47726599542485,14,8
"570","a",29.5,0.46,"u","g","k","v",0.54,"t","t",4,"f","g",380,500,"+",2.58092497567562,2.69983772586725,4,2
"571","b",29.83,1.25,"y","p","k","v",0.25,"f","f",0,"f","g",224,0,"-",2.35218251811136,0,9,1
"572","b",20.08,0.25,"u","g","q","v",0.125,"f","f",0,"f","g",200,0,"-",2.30319605742049,0,2,1
"573","b",23.42,0.585,"u","g","c","h",0.085,"t","f",0,"f","g",180,0,"-",2.25767857486918,0,5,1
"574","a",29.58,1.75,"y","p","k","v",1.25,"f","f",0,"t","g",280,0,"-",2.44870631990508,0,12,5
"575","b",16.17,0.04,"u","g","c","v",0.04,"f","f",0,"f","g",0,0,"+",0,0,1,1
"576","b",32.33,3.5,"u","g","k","v",0.5,"f","f",0,"t","g",232,0,"-",2.36735592102602,0,17,2
"577","b",47.83,4.165,"u","g","x","bb",0.085,"f","f",0,"t","g",520,0,"-",2.71683772329952,0,19,1
"578","b",20,1.25,"y","p","k","v",0.125,"f","f",0,"f","g",140,4,"-",2.14921911265538,0.698970004336019,9,1
"579","b",27.58,3.25,"y","p","q","h",5.085,"f","t",2,"t","g",369,1,"-",2.56820172406699,0.301029995663981,17,18
"580","b",22,0.79,"u","g","w","v",0.29,"f","t",1,"f","g",420,283,"-",2.62428209583567,2.45331834004704,7,2
"581","b",19.33,10.915,"u","g","c","bb",0.585,"f","t",2,"t","g",200,7,"-",2.30319605742049,0.903089986991944,26,3
"582","a",38.33,4.415,"u","g","c","v",0.125,"f","f",0,"f","g",160,0,"-",2.20682587603185,0,19,1
"583","b",29.42,1.25,"u","g","c","h",0.25,"f","t",2,"t","g",400,108,"-",2.60314437262018,2.03742649794062,9,1
"584","b",22.67,0.75,"u","g","i","v",1.585,"f","t",1,"t","g",400,9,"-",2.60314437262018,1,6,6
"585","b",32.25,14,"y","p","ff","ff",0,"f","t",2,"f","g",160,1,"-",2.20682587603185,0.301029995663981,29,1
"586","b",29.58,4.75,"u","g","m","v",2,"f","t",1,"t","g",460,68,"-",2.66370092538965,1.83884909073726,20,8
"587","b",18.42,10.415,"y","p","aa","v",0.125,"t","f",0,"f","g",120,375,"-",2.08278537031645,2.57518784492766,26,1
"588","b",22.17,2.25,"u","g","i","v",0.125,"f","f",0,"f","g",160,10,"-",2.20682587603185,1.04139268515823,14,1
"589","b",22.67,0.165,"u","g","c","j",2.25,"f","f",0,"t","s",0,0,"+",0,0,2,8
"590","b",18.83,0,"u","g","q","v",0.665,"f","f",0,"f","g",160,1,"-",2.20682587603185,0.301029995663981,1,3
"591","b",21.58,0.79,"y","p","cc","v",0.665,"f","f",0,"f","g",160,0,"-",2.20682587603185,0,7,3
"592","b",23.75,12,"u","g","c","v",2.085,"f","f",0,"f","s",80,0,"-",1.90848501887865,0,28,8
"593","b",36.08,2.54,"u","g","ff","ff",0,"f","f",0,"f","g",0,1000,"-",0,3.00043407747932,15,1
"594","b",29.25,13,"u","g","d","h",0.5,"f","f",0,"f","g",228,0,"-",2.35983548233989,0,29,2
"595","a",19.58,0.665,"u","g","w","v",1.665,"f","f",0,"f","g",220,5,"-",2.34439227368511,0.778151250383644,6,6
"596","a",22.92,1.25,"u","g","q","v",0.25,"f","f",0,"t","g",120,809,"-",2.08278537031645,2.90848501887865,9,1
"597","a",27.25,0.29,"u","g","m","h",0.125,"f","t",1,"t","g",272,108,"-",2.43616264704076,2.03742649794062,3,1
"598","a",38.75,1.5,"u","g","ff","ff",0,"f","f",0,"f","g",76,0,"-",1.88649072517248,0,11,1
"599","b",32.42,2.165,"y","p","k","ff",0,"f","f",0,"f","g",120,0,"-",2.08278537031645,0,13,1
"600","a",23.75,0.71,"u","g","w","v",0.25,"f","t",1,"t","g",240,4,"-",2.38201704257487,0.698970004336019,6,1
"601","b",18.17,2.46,"u","g","c","n",0.96,"f","t",2,"t","g",160,587,"-",2.20682587603185,2.76937732607614,14,4
"602","b",40.92,0.5,"y","p","m","v",0.5,"f","f",0,"t","g",130,0,"-",2.11727129565576,0,5,2
"603","b",19.5,9.585,"u","g","aa","v",0.79,"f","f",0,"f","g",80,350,"-",1.90848501887865,2.54530711646582,25,3
"604","b",28.58,3.625,"u","g","aa","v",0.25,"f","f",0,"t","g",100,0,"-",2.00432137378264,0,18,1
"605","b",35.58,0.75,"u","g","k","v",1.5,"f","f",0,"t","g",231,0,"-",2.3654879848909,0,6,6
"606","b",34.17,2.75,"u","g","i","bb",2.5,"f","f",0,"t","g",232,200,"-",2.36735592102602,2.30319605742049,15,9
"607","b",31.58,0.75,"y","p","aa","v",3.5,"f","f",0,"t","g",320,0,"-",2.50650503240487,0,6,13
"608","a",52.5,7,"u","g","aa","h",3,"f","f",0,"f","g",0,0,"-",0,0,23,11
"609","b",36.17,0.42,"y","p","w","v",0.29,"f","f",0,"t","g",309,2,"-",2.49136169383427,0.477121254719662,4,2
"610","b",37.33,2.665,"u","g","cc","v",0.165,"f","f",0,"t","g",0,501,"-",0,2.70070371714502,15,1
"611","a",20.83,8.5,"u","g","c","v",0.165,"f","f",0,"f","g",0,351,"-",0,2.54654266347813,24,1
"612","b",24.08,9,"u","g","aa","v",0.25,"f","f",0,"t","g",0,0,"-",0,0,24,1
"613","b",25.58,0.335,"u","g","k","h",3.5,"f","f",0,"t","g",340,0,"-",2.5327543789925,0,3,13
"614","a",35.17,3.75,"u","g","ff","ff",0,"f","t",6,"f","g",0,200,"-",0,2.30319605742049,18,1
"615","b",48.08,3.75,"u","g","i","bb",1,"f","f",0,"f","g",100,2,"-",2.00432137378264,0.477121254719662,18,4
"616","a",15.83,7.625,"u","g","q","v",0.125,"f","t",1,"t","g",0,160,"-",0,2.20682587603185,23,1
"617","a",22.5,0.415,"u","g","i","v",0.335,"f","f",0,"t","s",144,0,"-",2.16136800223497,0,4,2
"618","b",21.5,11.5,"u","g","i","v",0.5,"t","f",0,"t","g",100,68,"-",2.00432137378264,1.83884909073726,27,2
"619","a",23.58,0.83,"u","g","q","v",0.415,"f","t",1,"t","g",200,11,"-",2.30319605742049,1.07918124604762,7,2
"620","a",21.08,5,"y","p","ff","ff",0,"f","f",0,"f","g",0,0,"-",0,0,20,1
"621","b",25.67,3.25,"u","g","c","h",2.29,"f","t",1,"t","g",416,21,"-",2.62013605497376,1.34242268082221,17,9
"622","a",38.92,1.665,"u","g","aa","v",0.25,"f","f",0,"f","g",0,390,"-",0,2.59217675739587,11,1
"623","a",15.75,0.375,"u","g","c","v",1,"f","f",0,"f","g",120,18,"-",2.08278537031645,1.27875360095283,3,4
"624","a",28.58,3.75,"u","g","c","v",0.25,"f","t",1,"t","g",40,154,"-",1.61278385671974,2.19033169817029,18,1
"625","b",22.25,9,"u","g","aa","v",0.085,"f","f",0,"f","g",0,0,"-",0,0,24,1
"626","b",29.83,3.5,"u","g","c","v",0.165,"f","f",0,"f","g",216,0,"-",2.33645973384853,0,17,1
"627","a",23.5,1.5,"u","g","w","v",0.875,"f","f",0,"t","g",160,0,"-",2.20682587603185,0,11,4
"628","b",32.08,4,"y","p","cc","v",1.5,"f","f",0,"t","g",120,0,"-",2.08278537031645,0,18,6
"629","b",31.08,1.5,"y","p","w","v",0.04,"f","f",0,"f","s",160,0,"-",2.20682587603185,0,11,1
"630","b",31.83,0.04,"y","p","m","v",0.04,"f","f",0,"f","g",0,0,"-",0,0,1,1
"631","a",21.75,11.75,"u","g","c","v",0.25,"f","f",0,"t","g",180,0,"-",2.25767857486918,0,27,1
"632","a",17.92,0.54,"u","g","c","v",1.75,"f","t",1,"t","g",80,5,"-",1.90848501887865,0.778151250383644,5,7
"633","b",30.33,0.5,"u","g","d","h",0.085,"f","f",0,"t","s",252,0,"-",2.40312052117582,0,5,1
"634","b",51.83,2.04,"y","p","ff","ff",1.5,"f","f",0,"f","g",120,1,"-",2.08278537031645,0.301029995663981,13,6
"635","b",47.17,5.835,"u","g","w","v",5.5,"f","f",0,"f","g",465,150,"-",2.66838591669,2.17897694729317,21,20
"636","b",25.83,12.835,"u","g","cc","v",0.5,"f","f",0,"f","g",0,2,"-",0,0.477121254719662,28,2
"637","a",50.25,0.835,"u","g","aa","v",0.5,"f","f",0,"t","g",240,117,"-",2.38201704257487,2.07188200730613,7,2
"638","a",37.33,2.5,"u","g","i","h",0.21,"f","f",0,"f","g",260,246,"-",2.41664050733828,2.39269695325967,15,1
"639","a",41.58,1.04,"u","g","aa","v",0.665,"f","f",0,"f","g",240,237,"-",2.38201704257487,2.37657695705651,8,3
"640","a",30.58,10.665,"u","g","q","h",0.085,"f","t",12,"t","g",129,3,"-",2.11394335230684,0.602059991327962,26,1
"641","b",19.42,7.25,"u","g","m","v",0.04,"f","t",1,"f","g",100,1,"-",2.00432137378264,0.301029995663981,23,1
"642","a",17.92,10.21,"u","g","ff","ff",0,"f","f",0,"f","g",0,50,"-",0,1.70757017609794,26,1
"643","a",20.08,1.25,"u","g","c","v",0,"f","f",0,"f","g",0,0,"-",0,0,9,1
"644","b",19.5,0.29,"u","g","k","v",0.29,"f","f",0,"f","g",280,364,"-",2.44870631990508,2.56229286445647,3,2
"645","b",27.83,1,"y","p","d","h",3,"f","f",0,"f","g",176,537,"-",2.24797326636181,2.73078227566639,8,11
"646","b",17.08,3.29,"u","g","i","v",0.335,"f","f",0,"t","g",140,2,"-",2.14921911265538,0.477121254719662,17,2
"647","b",36.42,0.75,"y","p","d","v",0.585,"f","f",0,"f","g",240,3,"-",2.38201704257487,0.602059991327962,6,3
"648","b",40.58,3.29,"u","g","m","v",3.5,"f","f",0,"t","s",400,0,"-",2.60314437262018,0,17,13
"649","b",21.08,10.085,"y","p","e","h",1.25,"f","f",0,"f","g",260,0,"-",2.41664050733828,0,25,5
"650","a",22.67,0.75,"u","g","c","v",2,"f","t",2,"t","g",200,394,"-",2.30319605742049,2.59659709562646,6,8
"651","a",25.25,13.5,"y","p","ff","ff",2,"f","t",1,"t","g",200,1,"-",2.30319605742049,0.301029995663981,29,8
"652","b",17.92,0.205,"u","g","aa","v",0.04,"f","f",0,"f","g",280,750,"-",2.44870631990508,2.87563993700417,2,1
"653","b",35,3.375,"u","g","c","h",8.29,"f","f",0,"t","g",0,0,"-",0,0,17,30
